"Mean","SD","IQR","Min","Max","Skewness","Kurtosis","n","n_Missing"
1779.38461538462,242.644987056378,157.5,1251,1959,-1.8776310443348,2.41899320457533,13,0
