"Mean","SD","IQR","Min","Max","Skewness","Kurtosis","n","n_Missing"
1880,228.728368740449,135,1380,2050,-1.90917126869289,2.50574809521305,13,0
