"Mean","SD","IQR","Min","Max","Skewness","Kurtosis","n","n_Missing"
6400.625,396.686611643427,692.5,5895,7045,0.207136970441206,-0.700631040195376,8,0
