"Mean","SD","IQR","Min","Max","Skewness","Kurtosis","n","n_Missing"
5938.75,427.453840448633,746.5,5395,6633,0.210896869066158,-0.710788190354552,8,0
