"Mean","SD","IQR","Min","Max","Skewness","Kurtosis","n","n_Missing"
2561.88372093023,1785.04919512444,1666,220,6633,1.14173763414008,0.126809224941421,43,0
