"Mean","SD","IQR","Min","Max","Skewness","Kurtosis","n","n_Missing"
2697.6511627907,1908.10304558169,1467,264,7045,1.26727556754823,0.326499630500072,43,0
